CalID,LoadCellID,CalDate,CalDue,CalCert
1,Q13901,2-Dec-21,2-Dec-22,2112020087
2,Q13901,22-Dec-22,22-Dec-23,2212230060
3,Q13901,17-Jan-24,17-Jan-25,2401180112
4,Q13902,2-Dec-21,2-Dec-22,2112020038
5,Q13902,22-Dec-22,22-Dec-23,2212230061
6,Q13902,17-Jan-24,17-Jan-25,2401180113
7,Q13903,2-Dec-21,2-Dec-22,2112020089
8,Q13903,22-Dec-22,22-Dec-23,2212230062
9,Q13903,17-Jan-24,17-Jan-25,2402020030
10,Q9454,1-Dec-16,1-Jun-17,1612020041
11,Q9454,12-Jun-17,12-Dec-17,1706120020
12,Q9454,14-Dec-17,14-Jun-18,1712140065
13,Q9454,26-Jan-18,26-Jul-18,1801260045
14,Q9454,19-Jul-18,19-Jan-19,1807190021
15,Q9454,28-Jan-29,28-Jul-19,1901280050
16,Q9454,8-Aug-19,8-Feb-20,1908090084
17,Q9454,18-Feb-20,18-Aug-20,2002190053
18,Q9454,4-Sep-20,4-Mar-21,2009040021
19,Q9454,16-Mar-21,16-Sep-21,2103170042
20,Q9454,1-Oct-21,1-Apr-22,2110010038
21,Q9454,15-Apr-22,15-Oct-22,2204180027
22,Q9454,11-Nov-22,11-May-23,2211110013
23,Q9454,4-Aug-23,4-Feb-24,2308070007
24,Q9454,21-Feb-24,21-Aug-24,2402210046
25,Q12479,18-Aug-19,16-Feb-20,1908190004
26,Q12479,28-Feb-20,28-Aug-20,2002280174
27,Q12479,14-Sep-20,14-Mar-21,2009140056
28,Q12479,25-Mar-21,25-Sep-21,2103250027
29,Q12479,19-Oct-21,19-Apr-22,2110190028
30,Q12479,6-Jun-22,6-Nov-22,2205090011
31,Q12479,13-Dec-22,13-Jun-23,2212140053
32,Q12479,7-Jul-23,5-Jan-24,2307060069
33,Q12479,26-Jan-24,26-Jul-24,2401290063
34,Q12477,16-Aug-19,16-Feb-20,1908190003
35,Q12477,28-Feb-20,28-Aug-20,2002280177
36,Q12477,14-Sep-20,14-Mar-21,2009140055
37,Q12477,29-Jan-21,29-Jul-21,2102020073
38,Q12477,18-May-21,18-Nov-21,2105180086
39,Q12477,7-Dec-21,7-Jun-22,2112070026
40,Q12477,22-Jun-22,22-Dec-22,2206220098
41,Q12477,23-Jan-23,23-Jul-23,2301230021
42,Q12477,4-Aug-23,4-Feb-24,2308080022
43,Q12477,14-Feb-24,14-Aug-24,2402150004
44,Q14561,18-Apr-23,18-Oct-23,2304190008
45,Q14561,13-Nov-23,13-May-24,2311140023
46,Q9459,7-Dec-16,7-Jun-17,1612070032
47,Q9459,16-Jun-17,16-Dec-17,1706160077
48,Q9459,26-Jan-18,26-Jul-17,1801260042
49,Q9459,4-Jan-18,4-Jul-18,1801040040
50,Q9459,19-Jul-18,19-Jan-19,1807190019
51,Q9459,28-Jan-19,28-Jul-19,1901280049
52,Q9459,8-Aug-19,8-Feb-20,1908090085
53,Q9459,18-Feb-20,18-Aug-20,2002190052
54,Q9459,4-Sep-20,4-Mar-21,2009040022
55,Q9459,16-Mar-21,16-Sep-21,2103170043
56,Q9459,1-Oct-21,1-Apr-22,2110010041
57,Q9459,15-Apr-22,15-Oct-22,2204190052
58,Q9459,23-Nov-22,23-May-23,2211230076
59,Q9459,14-Jun-23,14-Dec-23,2306160049
60,Q9459,2-Feb-24,2-Aug-24,2402020010
61,Q9455,1-Dec-16,1-Jun-17,1612020040
62,Q9455,12-Jun-17,12-Dec-17,1706120022
63,Q9455,14-Dec-17,14-Jan-18,1712140063
64,Q9455,26-Jan-18,26-Jul-18,1801260044
65,Q9455,25-Apr-18,25-Oct-18,1804250007
66,Q9455,30-Oct-18,30-Apr-19,1810300077
67,Q9455,15-May-19,15-Nov-19,1905150028
68,Q9455,4-Dec-19,4-Jun-20,1912050046
69,Q9455,16-Jun-20,15-Dec-20,2006150030
70,Q9455,16-Dec-20,16-Jun-21,2012160101
71,Q9455,30-Mar-21,30-Sep-21,2103300063
72,Q9455,14-Oct-21,14-Apr-22,2110140052
73,Q9455,26-Apr-22,26-Oct-22,2204270003
74,Q9455,23-Nov-22,23-May-23,2211230078
75,Q9455,14-Jun-23,14-Dec-23,2306160047
76,Q9455,2-Feb-24,2-Aug-24,2402020011
77,Q12478,16-Aug-19,16-Feb-20,1908190002
78,Q12478,28-Feb-20,28-Aug-20,2002280175
79,Q12478,14-Sep-22,14-Mar-22,2009140057
80,Q12478,2-Feb-21,2-Aug-21,2102020072
81,Q12478,6-Aug-21,6-Feb-22,2108060049
82,Q12478,15-Feb-22,15-Aug-22,2202150083
83,Q12478,25-Aug-22,25-Feb-23,2208260023
84,Q12478,16-Mar-23,16-Sep-23,2303160088
85,Q12478,6-Oct-23,6-Apr-24,2310090072
86,Q13261,9-Feb-21,9-Feb-22,2102090048
87,Q13261,27-Jan-22,27-Jul-22,2201270031
88,Q13261,18-Aug-22,18-Feb-23,2208190003
89,Q13261,9-Mar-23,9-Sep-23,2303090067
90,Q13261,22-Sep-23,22-Mar-24,2309250019
91,Q13262,9-Feb-21,9-Feb-22,2102090049
92,Q13262,3-Dec-21,3-Jun-22,2112030059
93,Q13262,10-Jun-22,10-Dec-22,2206100036
94,Q13262,23-Nov-22,23-May-23,2211230077
95,Q13262,14-Jun-23,14-Dec-23,2306160046
96,Q13262,2-Feb-24,2-Aug-24,2402020012
97,Q13263,9-Feb-21,9-Feb-22,2102090047
98,Q13263,3-Dec-21,3-Jun-22,2112030060
99,Q13263,10-Jun-22,10-Dec-22,2206100035
100,Q13263,31-Jan-23,31-Jul-23,2301310039
101,Q13263,16-Aug-23,16-Feb-24,2308170027
102,Q13263,4-Mar-24,4-Sep-24,2403040050
103,Q13356,4-May-21,4-Nov-21,2105040007
104,Q13356,24-Nov-21,24-May-22,2111240045
105,Q13356,8-Jun-22,8-Dec-22,2206080042
106,Q13356,30-Jan-23,30-Jul-23,2301310041
107,Q13356,18-Aug-23,16-Feb-24,2308170026
108,Q13356,4-Mar-24,4-Sep-24,2403040049
109,Q12533,24-Jul-19,27-Jan-20,1907240059
110,Q12533,25-Feb-20,25-Aug-20,2002260036
111,Q12533,13-Aug-20,13-Feb-21,2008140094
112,Q12533,25-Feb-21,25-Aug-21,2102250022
113,Q12533,7-Sep-21,7-Mar-22,2109070090
114,Q12533,23-Mar-22,28-Sep-22,2203280044
115,Q12533,21-Nov-22,21-May-23,2211210068
116,Q12533,16-Jun-23,16-Dec-23,2306160053
117,Q12533,22-Jan-24,22-Jul-24,2401220110
118,Q14564,29-Jun-23,29-Dec-23,2306290096
119,Q14564,26-Jan-24,26-Jul-24,2401290064
120,Q12534,24-Jul-19,24-Jan-20,1907240058
121,Q12534,25-Feb-20,25-Aug-20,2002260038
122,Q12534,19-Feb-21,19-Aug-21,2102190035
123,Q12534,19-Nov-21,19-May-22,2111190063
124,Q12534,2-Jun-22,2-Dec-22,2206030030
125,Q12534,22-Dec-22,22-Jun-23,2212230059
126,Q12534,17-Jul-23,17-Jan-24,2307180033
127,Q12534,31-Jan-24,30-Jul-24,2402010045
128,Q13237,2-Feb-21,2-Aug-21,2102020003
129,Q13237,4-Oct-21,4-Apr-22,2110050044
130,Q13237,15-Apr-22,15-Oct-22,2204180035
131,Q13237,11-Nov-22,11-May-23,2211110012
132,Q13237,13-Jun-23,13-Dec-23,2306150045
133,Q13237,21-Feb-24,21-Aug-24,2402210042
134,Q11421,11-Jul-18,11-Jul-19,1807110075
135,Q11421,12-Sep-19,12-Sep-20,1909120007
136,Q11421,29-Sep-20,29-Sep-21,2009290001
137,Q11421,11-Aug-21,11-Aug-22,2108110054
138,Q11421,6-Apr-22,6-Oct-22,2204080052
139,Q11421,12-Aug-22,23-Feb-23,2208240043
140,Q11421,16-Mar-23,16-Sep-23,2303160089
141,Q11421,16-Oct-23,6-Apr-24,2310090069
