CalCert,LoadCellID,CalDate,CalDue
2112020087,Q13901,2-Dec-21,2-Dec-22
2212230060,Q13901,22-Dec-22,22-Dec-23
2401180112,Q13901,17-Jan-24,17-Jan-25
2112020038,Q13902,2-Dec-21,2-Dec-22
2212230061,Q13902,22-Dec-22,22-Dec-23
2401180113,Q13902,17-Jan-24,17-Jan-25
2112020089,Q13903,2-Dec-21,2-Dec-22
2212230062,Q13903,22-Dec-22,22-Dec-23
2402020030,Q13903,17-Jan-24,17-Jan-25
1612020041,Q9454,1-Dec-16,1-Jun-17
1706120020,Q9454,12-Jun-17,12-Dec-17
1712140065,Q9454,14-Dec-17,14-Jun-18
1801260045,Q9454,26-Jan-18,26-Jul-18
1807190021,Q9454,19-Jul-18,19-Jan-19
1901280050,Q9454,28-Jan-29,28-Jul-19
1908090084,Q9454,8-Aug-19,8-Feb-20
2002190053,Q9454,18-Feb-20,18-Aug-20
2009040021,Q9454,4-Sep-20,4-Mar-21
2103170042,Q9454,16-Mar-21,16-Sep-21
2110010038,Q9454,1-Oct-21,1-Apr-22
2204180027,Q9454,15-Apr-22,15-Oct-22
2211110013,Q9454,11-Nov-22,11-May-23
2308070007,Q9454,4-Aug-23,4-Feb-24
2402210046,Q9454,21-Feb-24,21-Aug-24
1908190004,Q12479,18-Aug-19,16-Feb-20
2002280174,Q12479,28-Feb-20,28-Aug-20
2009140056,Q12479,14-Sep-20,14-Mar-21
2103250027,Q12479,25-Mar-21,25-Sep-21
2110190028,Q12479,19-Oct-21,19-Apr-22
2205090011,Q12479,6-Jun-22,6-Nov-22
2212140053,Q12479,13-Dec-22,13-Jun-23
2307060069,Q12479,7-Jul-23,5-Jan-24
2401290063,Q12479,26-Jan-24,26-Jul-24
1908190003,Q12477,16-Aug-19,16-Feb-20
2002280177,Q12477,28-Feb-20,28-Aug-20
2009140055,Q12477,14-Sep-20,14-Mar-21
2102020073,Q12477,29-Jan-21,29-Jul-21
2105180086,Q12477,18-May-21,18-Nov-21
2112070026,Q12477,7-Dec-21,7-Jun-22
2206220098,Q12477,22-Jun-22,22-Dec-22
2301230021,Q12477,23-Jan-23,23-Jul-23
2308080022,Q12477,4-Aug-23,4-Feb-24
2402150004,Q12477,14-Feb-24,14-Aug-24
2304190008,Q14561,18-Apr-23,18-Oct-23
2311140023,Q14561,13-Nov-23,13-May-24
1612070032,Q9459,7-Dec-16,7-Jun-17
1706160077,Q9459,16-Jun-17,16-Dec-17
1801260042,Q9459,26-Jan-18,26-Jul-17
1801040040,Q9459,4-Jan-18,4-Jul-18
1807190019,Q9459,19-Jul-18,19-Jan-19
1901280049,Q9459,28-Jan-19,28-Jul-19
1908090085,Q9459,8-Aug-19,8-Feb-20
2002190052,Q9459,18-Feb-20,18-Aug-20
2009040022,Q9459,4-Sep-20,4-Mar-21
2103170043,Q9459,16-Mar-21,16-Sep-21
2110010041,Q9459,1-Oct-21,1-Apr-22
2204190052,Q9459,15-Apr-22,15-Oct-22
2211230076,Q9459,23-Nov-22,23-May-23
2306160049,Q9459,14-Jun-23,14-Dec-23
2402020010,Q9459,2-Feb-24,2-Aug-24
1612020040,Q9455,1-Dec-16,1-Jun-17
1706120022,Q9455,12-Jun-17,12-Dec-17
1712140063,Q9455,14-Dec-17,14-Jan-18
1801260044,Q9455,26-Jan-18,26-Jul-18
1804250007,Q9455,25-Apr-18,25-Oct-18
1810300077,Q9455,30-Oct-18,30-Apr-19
1905150028,Q9455,15-May-19,15-Nov-19
1912050046,Q9455,4-Dec-19,4-Jun-20
2006150030,Q9455,16-Jun-20,15-Dec-20
2012160101,Q9455,16-Dec-20,16-Jun-21
2103300063,Q9455,30-Mar-21,30-Sep-21
2110140052,Q9455,14-Oct-21,14-Apr-22
2204270003,Q9455,26-Apr-22,26-Oct-22
2211230078,Q9455,23-Nov-22,23-May-23
2306160047,Q9455,14-Jun-23,14-Dec-23
2402020011,Q9455,2-Feb-24,2-Aug-24
1908190002,Q12478,16-Aug-19,16-Feb-20
2002280175,Q12478,28-Feb-20,28-Aug-20
2009140057,Q12478,14-Sep-22,14-Mar-22
2102020072,Q12478,2-Feb-21,2-Aug-21
2108060049,Q12478,6-Aug-21,6-Feb-22
2202150083,Q12478,15-Feb-22,15-Aug-22
2208260023,Q12478,25-Aug-22,25-Feb-23
2303160088,Q12478,16-Mar-23,16-Sep-23
2310090072,Q12478,6-Oct-23,6-Apr-24
2102090048,Q13261,9-Feb-21,9-Feb-22
2201270031,Q13261,27-Jan-22,27-Jul-22
2208190003,Q13261,18-Aug-22,18-Feb-23
2303090067,Q13261,9-Mar-23,9-Sep-23
2309250019,Q13261,22-Sep-23,22-Mar-24
2102090049,Q13262,9-Feb-21,9-Feb-22
2112030059,Q13262,3-Dec-21,3-Jun-22
2206100036,Q13262,10-Jun-22,10-Dec-22
2211230077,Q13262,23-Nov-22,23-May-23
2306160046,Q13262,14-Jun-23,14-Dec-23
2402020012,Q13262,2-Feb-24,2-Aug-24
2102090047,Q13263,9-Feb-21,9-Feb-22
2112030060,Q13263,3-Dec-21,3-Jun-22
2206100035,Q13263,10-Jun-22,10-Dec-22
2301310039,Q13263,31-Jan-23,31-Jul-23
2308170027,Q13263,16-Aug-23,16-Feb-24
2403040050,Q13263,4-Mar-24,4-Sep-24
2105040007,Q13356,4-May-21,4-Nov-21
2111240045,Q13356,24-Nov-21,24-May-22
2206080042,Q13356,8-Jun-22,8-Dec-22
2301310041,Q13356,30-Jan-23,30-Jul-23
2308170026,Q13356,18-Aug-23,16-Feb-24
2403040049,Q13356,4-Mar-24,4-Sep-24
1907240059,Q12533,24-Jul-19,27-Jan-20
2002260036,Q12533,25-Feb-20,25-Aug-20
2008140094,Q12533,13-Aug-20,13-Feb-21
2102250022,Q12533,25-Feb-21,25-Aug-21
2109070090,Q12533,7-Sep-21,7-Mar-22
2203280044,Q12533,23-Mar-22,28-Sep-22
2211210068,Q12533,21-Nov-22,21-May-23
2306160053,Q12533,16-Jun-23,16-Dec-23
2401220110,Q12533,22-Jan-24,22-Jul-24
2306290096,Q14564,29-Jun-23,29-Dec-23
2401290064,Q14564,26-Jan-24,26-Jul-24
1907240058,Q12534,24-Jul-19,24-Jan-20
2002260038,Q12534,25-Feb-20,25-Aug-20
2102190035,Q12534,19-Feb-21,19-Aug-21
2111190063,Q12534,19-Nov-21,19-May-22
2206030030,Q12534,2-Jun-22,2-Dec-22
2212230059,Q12534,22-Dec-22,22-Jun-23
2307180033,Q12534,17-Jul-23,17-Jan-24
2402010045,Q12534,31-Jan-24,30-Jul-24
2102020003,Q13237,2-Feb-21,2-Aug-21
2110050044,Q13237,4-Oct-21,4-Apr-22
2204180035,Q13237,15-Apr-22,15-Oct-22
2211110012,Q13237,11-Nov-22,11-May-23
2306150045,Q13237,13-Jun-23,13-Dec-23
2402210042,Q13237,21-Feb-24,21-Aug-24
1807110075,Q11421,11-Jul-18,11-Jul-19
1909120007,Q11421,12-Sep-19,12-Sep-20
2009290001,Q11421,29-Sep-20,29-Sep-21
2108110054,Q11421,11-Aug-21,11-Aug-22
2204080052,Q11421,6-Apr-22,6-Oct-22
2208240043,Q11421,12-Aug-22,23-Feb-23
2303160089,Q11421,16-Mar-23,16-Sep-23
2310090069,Q11421,16-Oct-23,6-Apr-24
