FixtureID,Model,PartNumber,Rev
M7701,EB210,300843100,F
M7704,EB210,300843100,F
M12122,EB210,300843100,F
M13499,EB210,300843100,F
M10909,EB210,300843100,C
M10912,EB211,300842300,F
M10911,EB211,300842300,F
M13500,EB211,300842300,F
M7699,EB211,300842300,A
M9393,Maryland,300776400,H
M13688,Maryland,300776400,H
M11041,Single Step,300909707,B
M12033,Single Step,300909707,B
M12032,Single Step,300909707,B
M9148,MD AFG,300895400,A
M9149,MD AFG,300895400,A
M8547,5mm AFG,300821500,A
M7228,5mm AFG,300821500,A
